Name,Phone Number,Email,Appointment Date,Appointment Time
Michelle Bautista,6966880367,robertwilliams@example.net,2024-03-30,18:42:50
Douglas Thompson,233-903-3553x50408,qschneider@example.org,2024-03-11,10:17:53
Joshua Baker,(454)676-4915,othomas@example.net,2024-03-24,06:32:16
Rebecca Payne,247-852-4689x47216,warrenmalik@example.com,2024-03-04,00:22:03
Dominic Sanford,879-607-4973,katherineware@example.net,2024-03-17,07:31:14
James James,370.439.4784x05573,brookeflores@example.org,2024-03-19,01:32:11
Brian Rose,(374)577-0948x790,cchavez@example.org,2024-03-12,16:05:52
James House,589-592-5389,danieltran@example.com,2024-03-28,06:31:27
Holly Taylor,+1-624-356-7938,millerjuan@example.com,2024-03-01,04:28:20
Lisa Evans,818-237-4962x281,zrichards@example.com,2024-03-03,10:23:04
Patricia Carlson MD,+1-850-931-4114,leslie03@example.com,2024-03-05,20:43:54
Samantha Hall,+1-608-382-1517x43164,deborah41@example.net,2024-03-10,09:26:50
Amanda Schroeder,7296393694,jeffrey27@example.org,2024-03-23,05:21:56
Paul Collins,+1-447-230-6497x86491,karen60@example.net,2024-03-14,10:06:08
Sean Chavez,001-991-307-6728x6494,rvang@example.com,2024-03-11,08:57:07
Donna Parsons,(347)435-6981,ykrause@example.org,2024-03-03,01:30:07
Danielle Stafford,687.515.9856x08116,onealroger@example.org,2024-03-13,05:22:00
Chad Lee,904.474.9513,ethomas@example.com,2024-03-28,12:24:44
Stacie Marsh,9106641551,angela27@example.net,2024-03-14,17:00:04
Samantha Turner,671-635-4694x2701,rbaker@example.com,2024-03-07,05:23:16
Cindy Hamilton,612.377.5625,emily69@example.net,2024-03-07,04:46:58
Patrick Wright,001-271-266-5100x81258,brendan57@example.org,2024-03-07,00:13:08
Stephanie Mckenzie,930-568-0624,henrydowns@example.org,2024-03-22,00:08:18
Jose Schwartz,+1-944-411-3597x4935,chad86@example.net,2024-03-28,09:55:39
Stacey Smith,(812)750-8172,marshallemily@example.net,2024-03-16,05:27:06
William Chavez,406-227-1182x24662,acook@example.net,2024-03-04,05:46:38
Tammy Strong,+1-379-818-0180x753,paul45@example.net,2024-03-06,17:46:44
John Bernard,775.777.7101,lorivasquez@example.com,2024-03-04,09:09:28
James Sullivan,001-419-620-9695x1970,matthewrobinson@example.net,2024-03-14,00:40:51
Mike Welch,+1-487-686-7496x48707,hernandezphilip@example.net,2024-03-16,11:50:50
Mary Clark,3035179660,brownlaurie@example.net,2024-03-12,10:03:51
Valerie Chavez,(991)370-2641,charles85@example.com,2024-03-04,03:08:27
Benjamin Martin,688-923-5851,heather21@example.net,2024-03-26,18:59:33
Christopher Silva,(268)317-7022x693,yrichmond@example.com,2024-03-09,14:55:20
Todd Wilson,924.419.4470x090,schultztroy@example.org,2024-03-23,05:08:41
James Norris,846.206.5435x37571,xwolfe@example.net,2024-03-20,10:25:16
Jessica Berger,3779809473,steven59@example.com,2024-03-21,05:24:30
Jacqueline Hernandez,540-500-1192x74847,jenniferpope@example.com,2024-03-18,02:39:17
Elizabeth Carter,+1-453-370-5181x4558,wking@example.net,2024-03-04,07:45:04
Debra Owens,9589183001,ewatson@example.org,2024-03-04,12:49:44
